Participant Private ID,subj_idx
11693585,1
11693677,2
11693724,3
11694370,4
11694381,5
11694389,6
11694397,7
11694413,8
11694403,9
11694395,10
11694415,11
11694418,12
11694429,13
11694422,14
11694437,15
11694442,16
11694421,17
11694453,18
11694450,19
11694475,20
11694457,21
11694456,22
11694473,23
11694482,24
11694487,25
11694476,26
11694496,27
11694513,28
11694507,29
11694494,30
11694524,31
11694531,32
11694506,33
11694523,34
11694537,35
11694544,36
11694500,37
11694526,38
11694542,39
11694553,40
11694541,41
11694520,42
11694566,43
11694551,44
11694543,45
11694410,46
11694574,47
11694581,48
11694550,49
11694509,50
11694561,51
11694579,52
11694627,53
11694606,54
11694617,55
11694616,56
11694623,57
11694625,58
11694644,59
11694618,60
11694628,61
11694592,62
11694647,63
11694638,64
11694663,65
11694668,66
11694655,67
11694664,68
11694582,69
11694631,70
11694669,71
11694656,72
11694691,73
11694671,74
11694516,75
11694640,76
11694679,77
11694665,78
11694587,79
11694503,80
11694465,81
11694474,82
11694484,83
11694441,84
11694676,85
11694713,86
11694726,87
11694678,88
11694709,89
11694672,90
11694729,91
11694732,92
11694748,93
11694734,94
11694698,95
11694749,96
11694765,97
11694731,98
11694694,99
11694757,100
11694721,101
11694764,102
11694657,103
11694706,104
11694795,105
11694786,106
11694784,107
11694801,108
11694744,109
11694770,110
11694787,111
11694716,112
11694821,113
11694811,114
11694812,115
11694800,116
11694695,117
11694874,118
11694788,119
11694823,120
11694881,121
11694887,122
11694822,123
11694880,124
11694871,125
11694870,126
11694803,127
11694780,128
11694895,129
11694907,130
11694797,131
11694908,132
11694905,133
11694892,134
11694923,135
11694504,136
11694920,137
11694876,138
11694929,139
11694866,140
11694953,141
11694985,142
11694879,143
11694992,144
11694567,145
11695006,146
11695003,147
11694995,148
11694988,149
11695012,150
11695000,151
11695031,152
11695050,153
11695041,154
11694939,155
11695043,156
11695058,157
11695068,158
11695092,159
11695101,160
11695104,161
11695117,162
11695096,163
11695055,164
11695161,165
11695168,166
11695227,167
11695262,168
11695292,169
11695336,170
11695296,171
11695382,172
11695384,173
11695371,174
11695394,175
11695424,176
11695412,177
11695446,178
11695502,179
11695501,180
11695580,181
11695777,182
11695714,183
11695967,184
11696058,185
11696035,186
11696153,187
11696190,188
11696225,189
11696361,190
11696477,191
11696533,192
11696659,193
11696796,194
11697054,195
11697046,196
11697141,197
11697337,198
11697637,199
11697704,200
11697900,201
11698199,202
11698213,203
11698360,204
11698437,205
11698480,206
11698534,207
11698687,208
11698751,209
11698845,210
11699952,211
11700050,212
11700091,213
11700107,214
11700162,215
11700290,216
11700501,217
11700663,218
11700745,219
11700775,220
11700920,221
11701044,222
11701168,223
11701373,224
11701773,225
11703977,226
11704008,227
11704570,228
11704749,229
11704876,230
11705143,231
11705321,232
11705420,233
11705595,234
11706199,235
11706594,236
11706788,237
11706912,238
11707559,239
11707860,240
11708967,241
11709097,242
11709127,243
11709221,244
11709560,245
11709566,246
11711736,247
11712555,248
11713875,249
11714007,250
11745314,251
11693545,252
11693627,253
11693785,254
11693710,255
11694123,256
11694384,257
11694388,258
11694382,259
11694398,260
11694407,261
11694401,262
11694430,263
11694439,264
11694416,265
11694440,266
11694426,267
11694436,268
11694454,269
11694458,270
11694459,271
11694467,272
11694452,273
11694492,274
11694495,275
11694464,276
11694498,277
11694508,278
11694528,279
11694447,280
11694539,281
11694552,282
11694546,283
11694501,284
11694535,285
11694555,286
11694529,287
11694533,288
11694563,289
11694569,290
11694576,291
11694554,292
11694572,293
11694586,294
11694515,295
11694580,296
11694597,297
11694594,298
11694632,299
11694600,300
11694633,301
11694590,302
11694585,303
11694588,304
11694589,305
11694643,306
11694642,307
11694650,308
11694488,309
11694659,310
11694527,311
11694630,312
11694681,313
11694688,314
11694689,315
11694682,316
11694690,317
11694653,318
11694710,319
11694686,320
11694702,321
11694675,322
11694697,323
11694717,324
11694722,325
11694739,326
11694685,327
11694723,328
11694635,329
11694636,330
11694741,331
11694733,332
11694755,333
11694762,334
11694449,335
11694747,336
11694777,337
11694753,338
11694776,339
11694730,340
11694758,341
11694769,342
11694809,343
11694766,344
11694768,345
11694802,346
11694699,347
11694804,348
11694817,349
11694720,350
11694789,351
11694794,352
11694735,353
11694838,354
11694793,355
11694867,356
11694799,357
11694877,358
11694816,359
11694818,360
11694820,361
11694743,362
11694661,363
11694607,364
11694595,365
11694609,366
11694596,367
11694570,368
11694556,369
11694549,370
11694512,371
11694491,372
11694493,373
11694463,374
11694471,375
11694478,376
11694455,377
11694481,378
11694483,379
11694428,380
11694411,381
11693590,382
11694708,383
11694885,384
11694882,385
11694884,386
11694894,387
11694888,388
11694932,389
11694900,390
11694948,391
11694913,392
11694936,393
11694967,394
11694869,395
11694976,396
11694943,397
11694986,398
11694990,399
11695002,400
11695008,401
11695011,402
11694674,403
11695049,404
11695048,405
11695009,406
11695074,407
11695064,408
11695093,409
11695051,410
11695130,411
11695109,412
11695129,413
11695235,414
11695250,415
11695295,416
11695337,417
11695349,418
11695334,419
11695359,420
11695383,421
11695348,422
11695420,423
11695430,424
11695370,425
11695471,426
11695444,427
11695553,428
11695682,429
11695836,430
11695918,431
11696105,432
11696326,433
11696494,434
11696487,435
11697658,436
11697703,437
11697798,438
11697901,439
11697920,440
11698296,441
11698703,442
11698799,443
11699942,444
11700037,445
11700064,446
11700195,447
11700534,448
11700667,449
11700762,450
11700778,451
11700797,452
11700957,453
11701660,454
11702183,455
11702555,456
11704439,457
11704851,458
11705148,459
11705437,460
11706240,461
11706452,462
11707138,463
11707591,464
11707624,465
11708511,466
11708993,467
11709098,468
11709209,469
11710606,470
11713846,471
11744699,472
11744712,473
11713862,474
11709298,475
11707045,476
11705377,477
11705070,478
11701058,479
11700122,480
11698495,481
11698468,482
11698377,483
11697821,484
11697254,485
11697215,486
11697091,487
11696910,488
11696918,489
11696666,490
11696129,491
11695804,492
11695320,493
11695259,494
11694928,495
11695225,496
11695199,497
11695080,498
11695040,499
11695047,500
11695033,501
11694971,502
11694994,503
11694925,504
